,Port Code
0,4944
1,4944
2,3146
3,3679
4,3679
5,149
6,3679
7,3837
8,2283
9,4295
10,25477
11,25477
12,3772
13,3674
14,4038
15,1934
16,1934
17,17916
18,6756
19,6367
20,6367
21,3772
22,1934
23,4731
24,4731
25,4731
26,6367
27,6367
28,3674
29,6634
30,6634
31,6634
32,3275
33,2586
34,2586
35,1934
36,1934
37,4946
38,4731
39,4731
40,6367
41,6634
42,6634
43,2844
44,4933
45,2586
46,1934
47,4946
48,4946
49,4731
50,6634
51,3275
52,4933
53,4933
54,4933
55,4933
56,2586
57,2586
58,2586
59,1934
60,4030
61,4107
62,4731
63,6367
64,6367
65,6634
66,4933
67,4933
68,2586
69,44678
70,28251
71,4030
72,4107
73,4731
74,6634
75,6634
76,6634
77,4933
78,4933
79,2586
80,2586
81,4109
82,4109
83,44678
84,4030
85,6367
86,6367
87,6367
88,6634
89,4933
90,4933
91,4109
92,4109
93,4030
94,4030
95,6367
96,6367
97,4933
98,2586
99,2586
100,4618
101,4618
102,4109
103,44678
104,44678
105,4030
106,6367
107,3275
108,4933
109,4933
110,4933
111,4933
112,2586
113,2586
114,4109
115,4109
116,4109
117,44678
118,4030
119,6367
120,6367
121,4933
122,4933
123,4933
124,4933
125,4933
126,4933
127,4933
128,4933
129,2692
130,4520
131,2922
132,2922
133,2922
134,4109
135,44678
136,44678
137,4030
138,4030
139,4030
140,6367
141,6634
142,4933
143,4933
144,4933
145,4933
146,4933
147,4933
148,4933
149,2586
150,5541
151,2922
152,2922
153,2922
154,2922
155,2922
156,4109
157,44678
158,44678
159,44678
160,4030
161,4030
162,6367
163,4933
164,4933
165,4933
166,4933
167,4933
168,4933
169,4933
170,4933
171,2586
172,6928
173,6928
174,15231
175,2922
176,2922
177,2922
178,2922
179,2922
180,2922
181,4109
182,44678
183,44678
184,44678
185,4030
186,4030
187,4933
188,4933
189,4933
190,4933
191,4933
192,4933
193,4933
194,3552
195,2922
196,2922
197,2922
198,2922
199,2922
200,4109
201,44678
202,4030
203,6367
204,4933
205,4933
206,4933
207,4933
208,4933
209,4933
210,4933
211,4933
212,4933
213,3552
214,3552
215,3552
216,3552
217,15231
218,15231
219,2922
220,2922
221,2922
222,2922
223,2922
224,44678
225,44678
226,4030
227,4933
228,4933
229,4933
230,4933
231,4933
232,4933
233,4933
234,2705
235,3552
236,3552
237,3552
238,15231
239,15231
240,2922
241,2922
242,2922
243,2922
244,2922
245,44678
246,44678
247,4035
248,4035
249,4933
250,4933
251,4933
252,4933
253,6925
254,2705
255,2705
256,3552
257,3552
258,15231
259,15231
260,2922
261,2922
262,2922
263,2922
264,2922
265,2922
266,44678
267,4035
268,4035
269,4035
270,4035
271,4035
272,4035
273,4035
274,4035
275,2705
276,2705
277,2705
278,2705
279,3552
280,3552
281,15231
282,15231
283,2922
284,2922
285,2922
286,2922
287,2922
288,4035
289,4035
290,4035
291,4035
292,4035
293,4035
294,4035
295,4035
296,2624
297,2624
298,6925
299,2705
300,2705
301,2705
302,2705
303,2705
304,2705
305,3552
306,3552
307,15231
308,3687
309,3687
310,3687
311,3161
312,3161
313,4035
314,4035
315,4035
316,4035
317,4035
318,4035
319,4035
320,4035
321,4035
322,4035
323,2624
324,2624
325,2624
326,2705
327,2705
328,2705
329,2705
330,3797
331,3797
332,3797
333,3797
334,3161
335,4035
336,4035
337,4035
338,4035
339,4035
340,4035
341,4035
342,4035
343,4035
344,4035
345,4035
346,4035
347,4035
348,4035
349,3941
350,3941
351,2624
352,2778
353,2778
354,2705
355,3392
356,3797
357,3797
358,3797
359,3797
360,3687
361,3687
362,3687
363,3161
364,3161
365,3161
366,4035
367,4035
368,4035
369,4035
370,4035
371,4035
372,4035
373,4035
374,4035
375,4035
376,4035
377,4035
378,4035
379,4035
380,3941
381,3941
382,3941
383,2778
384,2778
385,2778
386,3392
387,3392
388,3797
389,3797
390,3797
391,3797
392,3797
393,3687
394,3687
395,3161
396,3161
397,3161
398,4035
399,4035
400,4035
401,4035
402,4035
403,4035
404,4035
405,4035
406,4035
407,4035
408,4035
409,4035
410,4035
411,4035
412,4035
413,4035
414,2639
415,2639
416,2778
417,2778
418,2778
419,3392
420,3797
421,3797
422,3797
423,3797
424,3797
425,3687
426,3687
427,3161
428,3161
429,3161
430,3161
431,3161
432,3161
433,4035
434,4035
435,4035
436,4035
437,4035
438,4035
439,4035
440,4035
441,4035
442,4035
443,4035
444,2639
445,2639
446,3651
447,2778
448,2778
449,3392
450,3392
451,3797
452,3797
453,3687
454,3687
455,3161
456,3161
457,3161
458,3161
459,3161
460,3161
461,4035
462,4035
463,4035
464,4035
465,4035
466,4035
467,4035
468,4035
469,4035
470,4035
471,4035
472,5925
473,5925
474,2639
475,3755
476,3651
477,3651
478,23402
479,2778
480,26427
481,3392
482,3392
483,3797
484,3797
485,3797
486,3687
487,3687
488,3161
489,3161
490,3161
491,3161
492,3161
493,3161
494,3161
495,3161
496,4035
497,4035
498,4035
499,4035
500,4035
501,4035
502,4035
503,4035
504,4035
505,4035
506,4035
507,4035
508,4035
509,3755
510,3651
511,3687
512,3687
513,3161
514,3161
515,3161
516,3161
517,3161
518,3161
519,3161
520,4035
521,4035
522,4035
523,4035
524,4035
525,4035
526,4035
527,4035
528,4035
529,4035
530,4035
531,4035
532,4035
533,4035
534,2648
535,23405
536,23405
537,2657
538,3161
539,3161
540,3161
541,3161
542,3161
543,3161
544,3161
545,3161
546,3161
547,4035
548,4035
549,4035
550,4035
551,4035
552,4035
553,4035
554,4035
555,4035
556,4035
557,4035
558,4035
559,7089
560,2648
561,3722
562,3161
563,3161
564,3161
565,3161
566,3595
567,3869
568,3869
569,3869
570,3658
571,4035
572,4035
573,4035
574,4035
575,4035
576,4035
577,4035
578,4035
579,4035
580,7089
581,7089
582,3595
583,3869
584,3869
585,3869
586,3869
587,3869
588,3658
589,3658
590,3658
591,4035
592,4035
593,4035
594,4035
595,4035
596,4035
597,5925
598,1991
599,4590
600,3998
601,3869
602,3869
603,3127
604,3127
605,3658
606,3658
607,3658
608,2775
609,4035
610,4035
611,4035
612,4035
613,4035
614,7089
615,4590
616,3998
617,14408
618,3127
619,3127
620,3127
621,3658
622,3658
623,3658
624,3658
625,3658
626,2775
627,4035
628,4035
629,4035
630,7087
631,7089
632,1991
633,2720
634,3918
635,6905
636,6905
637,3127
638,3127
639,3127
640,3127
641,3127
642,3127
643,3658
644,3658
645,3658
646,2775
647,2775
648,4035
649,4035
650,2635
651,6893
652,6893
653,2194
654,2194
655,3099
656,3127
657,3127
658,3127
659,3658
660,3658
661,3658
662,3658
663,3658
664,2775
665,2775
666,2868
667,2868
668,1991
669,2635
670,2783
671,6893
672,6893
673,2194
674,2194
675,5629
676,5629
677,2824
678,2824
679,3658
680,3658
681,3658
682,3658
683,3658
684,2775
685,2775
686,2868
687,4406
688,7093
689,4460
690,2824
691,2824
692,2824
693,3658
694,3658
695,3658
696,3658
697,2868
698,4406
699,1991
700,3783
701,2724
702,2824
703,2824
704,2824
705,2824
706,3446
707,3446
708,3446
709,3446
710,7093
711,1991
712,3920
713,3868
714,4984
715,3446
716,3446
717,3446
718,3446
719,3446
720,7048
721,7048
722,7079
723,4406
724,5591
725,5591
726,3920
727,3920
728,3868
729,4984
730,4984
731,4984
732,4984
733,4984
734,2817
735,2817
736,3541
737,3541
738,3541
739,3541
740,3541
741,3541
742,4402
743,4402
744,7085
745,3502
746,3502
747,3920
748,3868
749,5260
750,4984
751,4984
752,2817
753,2817
754,4409
755,4409
756,3541
757,3541
758,3541
759,3541
760,4402
761,4402
762,7083
763,2814
764,7140
765,5260
766,3336
767,3397
768,3397
769,2817
770,2817
771,2817
772,4409
773,4409
774,2810
775,4591
776,4402
777,3040
778,4198
779,3336
780,2817
781,2817
782,2817
783,5956
784,5956
785,5956
786,5956
787,4727
788,7077
789,3851
790,3348
791,3335
792,25132
793,2679
794,3373
795,3609
796,3609
797,2817
798,2817
799,3628
800,3712
801,7049
802,1992
803,6058
804,7077
805,6848
806,2920
807,2620
808,4734
809,3685
810,3628
811,3628
812,3628
813,6061
814,6061
815,6295
816,1992
817,3854
818,4119
819,16816
820,3685
821,3101
822,3888
823,6024
824,6024
825,6295
826,6295
827,3274
828,7060
829,7060
830,7077
831,5622
832,2640
833,16807
834,4637
835,2906
836,3716
837,5681
838,3888
839,6024
840,6024
841,6024
842,3032
843,5402
844,3274
845,7060
846,2640
847,16807
848,3420
849,4637
850,4637
851,3885
852,3646
853,6024
854,3809
855,3032
856,3032
857,5402
858,5402
859,17301
860,17301
861,7061
862,2757
863,3887
864,18004
865,2640
866,3807
867,2770
868,3809
869,23840
870,3493
871,3493
872,17301
873,17301
874,2736
875,3512
876,3766
877,18004
878,3420
879,3420
880,3420
881,3420
882,6053
883,6053
884,2816
885,17287
886,4605
887,2736
888,3420
889,6053
890,6053
891,6053
892,3906
893,4201
894,2722
895,4620
896,6826
897,2682
898,2682
899,3420
900,3420
901,4637
902,27398
903,7073
904,4605
905,3994
906,3994
907,2009
908,2682
909,2682
910,2682
911,3420
912,3420
913,3911
914,27398
915,27398
916,27397
917,3858
918,3598
919,3159
920,2284
921,1144
922,5008
923,5008
924,4620
925,4620
926,2011
927,393
928,395
929,2342
930,2682
931,2682
932,2682
933,3887
934,3911
935,3911
936,3911
937,3911
938,3911
939,3898
940,1944
941,3507
942,5008
943,5008
944,4620
945,4620
946,3994
947,3994
948,2203
949,2202
950,206
951,2762
952,3532
953,3513
954,3281
955,49159
956,2912
957,6772
958,6772
959,6772
960,2682
961,3911
962,3911
963,3933
964,2819
965,2773
966,4620
967,3994
968,2009
969,2011
970,393
971,395
972,2202
973,2202
974,206
975,42927
976,3532
977,3281
978,49159
979,2912
980,2682
981,2594
982,4106
983,4106
984,4106
985,4106
986,7092
987,7092
988,2691
989,2691
990,2691
991,2009
992,2009
993,2011
994,393
995,395
996,2342
997,2202
998,2762
999,3532
1000,3513
1001,49159
1002,49159
1003,2912
1004,2682
1005,3861
1006,3861
1007,3861
1008,3861
1009,3861
1010,3861
1011,4195
1012,7092
1013,4623
1014,2691
1015,2691
1016,2009
1017,2011
1018,393
1019,395
1020,2342
1021,2202
1022,2202
1023,42927
1024,3532
1025,3513
1026,3281
1027,49159
1028,2682
1029,4448
1030,4448
1031,2917
1032,3613
1033,1936
1034,1936
1035,4623
1036,4623
1037,4623
1038,2691
1039,2691
1040,2728
1041,2728
1042,2728
1043,2728
1044,395
1045,2203
1046,2202
1047,2202
1048,42927
1049,3532
1050,3532
1051,3281
1052,2594
1053,2594
1054,4391
1055,2913
1056,7067
1057,10302
1058,4623
1059,2997
1060,2728
1061,2728
1062,2728
1063,2728
1064,2728
1065,2728
1066,2202
1067,2202
1068,2202
1069,42927
1070,3281
1071,2912
1072,2912
1073,2912
1074,2912
1075,3404
1076,3404
1077,3404
1078,1993
1079,1935
1080,2691
1081,2997
1082,2997
1083,2997
1084,6819
1085,2728
1086,2728
1087,2728
1088,2728
1089,2728
1090,2728
1091,2728
1092,2728
1093,2202
1094,42927
1095,3532
1096,3513
1097,3281
1098,2912
1099,2912
1100,2594
1101,3936
1102,3936
1103,3936
1104,6873
1105,3633
1106,3633
1107,2691
1108,2997
1109,2997
1110,2997
1111,2997
1112,6819
1113,2728
1114,2728
1115,2728
1116,2728
1117,2728
1118,2728
1119,2728
1120,2728
1121,3532
1122,3281
1123,3281
1124,49159
1125,49159
1126,2594
1127,2594
1128,2594
1129,2594
1130,3936
1131,3936
1132,3936
1133,17764
1134,2997
1135,2997
1136,3996
1137,6819
1138,6819
1139,2728
1140,2728
1141,2728
1142,2728
1143,2728
1144,2728
1145,2728
1146,42927
1147,3532
1148,49159
1149,2912
1150,2594
1151,2594
1152,2594
1153,3910
1154,3644
1155,2997
1156,2743
1157,3996
1158,6183
1159,2728
1160,2728
1161,2728
1162,2728
1163,2728
1164,2728
1165,2728
1166,3532
1167,3281
1168,2594
1169,2457
1170,2457
1171,2457
1172,2663
1173,3831
1174,3978
1175,3978
1176,3524
1177,49142
1178,2743
1179,23979
1180,2728
1181,2728
1182,2728
1183,2728
1184,2728
1185,3762
1186,3762
1187,3532
1188,49159
1189,2912
1190,2912
1191,2594
1192,2594
1193,5922
1194,5922
1195,2457
1196,4604
1197,3978
1198,3978
1199,3424
1200,3424
1201,4060
1202,4649
1203,3762
1204,3762
1205,3762
1206,3762
1207,3762
1208,3762
1209,3762
1210,3762
1211,3762
1212,3281
1213,2912
1214,6813
1215,6813
1216,3261
1217,4604
1218,3978
1219,3978
1220,3891
1221,3891
1222,5747
1223,4649
1224,3762
1225,3762
1226,3762
1227,3762
1228,3762
1229,3762
1230,3762
1231,3762
1232,3762
1233,5549
1234,5549
1235,5549
1236,49159
1237,6813
1238,6813
1239,6813
1240,6813
1241,6813
1242,6813
1243,28047
1244,29807
1245,4649
1246,3762
1247,3762
1248,3762
1249,3762
1250,3762
1251,3762
1252,3718
1253,5549
1254,5549
1255,5549
1256,5549
1257,6813
1258,6813
1259,7090
1260,17777
1261,17777
1262,2867
1263,2867
1264,3762
1265,3762
1266,3762
1267,3762
1268,3762
1269,3718
1270,3718
1271,3718
1272,5549
1273,5549
1274,5549
1275,5549
1276,5549
1277,6813
1278,6813
1279,6813
1280,6813
1281,6165
1282,3743
1283,3743
1284,7090
1285,7090
1286,17777
1287,17777
1288,3409
1289,3409
1290,3409
1291,4092
1292,4092
1293,3718
1294,3718
1295,3718
1296,3718
1297,3718
1298,5549
1299,5549
1300,5549
1301,5549
1302,5549
1303,5549
1304,5549
1305,5549
1306,5549
1307,5549
1308,6813
1309,6165
1310,6165
1311,3415
1312,3407
1313,17777
1314,6822
1315,6822
1316,4092
1317,4092
1318,3718
1319,3718
1320,3718
1321,5549
1322,5549
1323,5549
1324,5549
1325,5549
1326,5549
1327,5549
1328,5549
1329,6165
1330,6165
1331,7088
1332,3748
1333,4092
1334,4092
1335,4092
1336,3718
1337,3718
1338,3718
1339,3718
1340,3718
1341,5549
1342,5549
1343,5549
1344,5549
1345,5549
1346,5549
1347,5549
1348,2777
1349,2777
1350,6165
1351,6057
1352,1916
1353,4092
1354,4092
1355,3718
1356,3718
1357,3718
1358,5549
1359,5549
1360,5549
1361,5549
1362,5549
1363,5549
1364,5549
1365,5549
1366,2777
1367,2777
1368,2777
1369,2777
1370,6165
1371,6165
1372,6165
1373,6165
1374,6165
1375,6057
1376,6057
1377,3718
1378,3718
1379,3312
1380,5549
1381,5549
1382,5549
1383,5549
1384,5549
1385,5549
1386,2777
1387,2777
1388,2777
1389,2777
1390,2777
1391,6165
1392,6165
1393,6165
1394,28321
1395,26812
1396,3254
1397,3312
1398,6724
1399,5549
1400,5549
1401,5549
1402,5549
1403,5549
1404,2777
1405,2777
1406,2777
1407,2777
1408,2777
1409,2777
1410,2777
1411,3145
1412,3769
1413,3769
1414,3769
1415,3769
1416,3769
1417,3769
1418,3769
1419,28321
1420,5549
1421,2777
1422,2777
1423,2777
1424,2777
1425,2777
1426,2777
1427,2777
1428,25825
1429,25825
1430,3145
1431,3145
1432,3769
1433,3769
1434,3769
1435,3769
1436,3769
1437,3769
1438,29534
1439,23924
1440,23928
1441,2777
1442,2777
1443,2777
1444,2777
1445,2777
1446,2777
1447,25825
1448,25825
1449,3145
1450,3145
1451,2785
1452,2785
1453,2785
1454,2785
1455,3769
1456,3769
1457,3769
1458,3769
1459,15083
1460,29534
1461,2777
1462,2777
1463,2777
1464,2777
1465,25825
1466,25825
1467,25825
1468,25825
1469,6774
1470,3145
1471,3145
1472,3145
1473,2785
1474,2785
1475,2785
1476,2785
1477,2785
1478,2785
1479,15083
1480,15083
1481,29534
1482,25825
1483,25825
1484,25825
1485,25825
1486,25825
1487,25825
1488,6774
1489,6774
1490,6770
1491,3145
1492,3145
1493,2785
1494,2785
1495,2785
1496,2785
1497,2785
1498,2785
1499,2785
1500,24704
1501,25825
1502,25825
1503,25825
1504,2776
1505,15065
1506,15065
1507,6774
1508,6774
1509,3145
1510,3145
1511,3145
1512,2785
1513,2785
1514,2785
1515,2785
1516,2785
1517,2785
1518,2880
1519,4085
1520,3574
1521,2897
1522,6774
1523,6774
1524,6770
1525,6770
1526,3145
1527,3145
1528,3145
1529,3145
1530,2785
1531,2785
1532,2785
1533,2785
1534,2785
1535,2785
1536,4085
1537,4085
1538,3574
1539,3791
1540,6774
1541,6774
1542,6770
1543,6770
1544,3145
1545,3145
1546,3145
1547,3145
1548,3145
1549,2785
1550,2785
1551,2785
1552,2785
1553,2785
1554,26824
1555,2649
1556,3574
1557,2897
1558,6774
1559,6774
1560,6774
1561,6770
1562,6770
1563,3145
1564,3145
1565,3145
1566,3145
1567,3145
1568,3432
1569,3432
1570,3432
1571,2785
1572,2785
1573,29722
1574,2649
1575,3574
1576,3791
1577,6774
1578,6774
1579,6774
1580,6770
1581,6770
1582,3145
1583,3145
1584,3145
1585,3145
1586,5655
1587,5655
1588,3432
1589,3432
1590,3432
1591,6811
1592,6811
1593,6774
1594,6774
1595,6774
1596,6770
1597,6770
1598,3145
1599,3145
1600,3145
1601,3145
1602,5655
1603,5655
1604,14742
1605,14742
1606,3432
1607,3432
1608,6811
1609,6770
1610,6770
1611,6770
1612,6770
1613,3145
1614,3145
1615,5655
1616,5655
1617,5655
1618,6284
1619,6284
1620,2619
1621,3432
1622,3145
1623,23916
1624,5655
1625,5655
1626,4104
1627,6284
1628,6284
1629,6284
1630,5655
1631,4104
1632,3193
1633,6829
1634,6284
1635,6284
1636,4104
1637,3193
1638,3467
1639,3006
1640,4052
1641,3467
1642,3864
1643,3276
1644,6886
1645,3066
1646,3864
1647,6897
1648,3132
1649,3132
1650,3657
1651,3276
1652,3276
1653,3066
1654,3066
1655,3132
1656,3754
1657,3657
1658,3657
1659,3276
1660,6886
1661,3132
1662,3132
1663,3456
1664,3754
1665,3657
1666,3276
1667,3276
1668,3066
1669,3132
1670,3132
1671,3132
1672,4103
1673,3456
1674,3456
1675,3456
1676,3754
1677,3657
1678,3657
1679,3276
1680,3132
1681,3132
1682,3132
1683,4103
1684,2860
1685,2860
1686,3456
1687,3456
1688,3754
1689,3754
1690,3657
1691,3657
1692,3276
1693,3132
1694,4103
1695,3416
1696,2860
1697,2860
1698,2860
1699,3456
1700,3456
1701,3754
1702,3754
1703,3657
1704,3657
1705,3132
1706,3132
1707,2662
1708,651
1709,2524
1710,3416
1711,3416
1712,3416
1713,3416
1714,2860
1715,2860
1716,3456
1717,3456
1718,3754
1719,3657
1720,3132
1721,2662
1722,2662
1723,2662
1724,2596
1725,45564
1726,6009
1727,3073
1728,13768
1729,13768
1730,4468
1731,4468
1732,3416
1733,3416
1734,3416
1735,2860
1736,2860
1737,3456
1738,3754
1739,3754
1740,3754
1741,3132
1742,2662
1743,3398
1744,3398
1745,44800
1746,2138
1747,2981
1748,3948
1749,3767
1750,2589
1751,2416
1752,2416
1753,4468
1754,4468
1755,4468
1756,4468
1757,3416
1758,3416
1759,2860
1760,3456
1761,3754
1762,3754
1763,3132
1764,2662
1765,2596
1766,3572
1767,2836
1768,3189
1769,3189
1770,2981
1771,3948
1772,3767
1773,2696
1774,1932
1775,712
1776,2416
1777,4468
1778,4468
1779,4468
1780,4468
1781,2614
1782,2614
1783,2614
1784,2614
1785,2614
1786,3456
1787,3754
1788,3754
1789,2662
1790,2836
1791,2836
1792,10737
1793,16199
1794,2907
1795,2907
1796,2907
1797,2907
1798,2984
1799,2984
1800,2984
1801,2090
1802,1931
1803,4120
1804,2614
1805,2614
1806,2614
1807,2614
1808,2614
1809,2614
1810,2614
1811,2614
1812,2614
1813,2836
1814,2836
1815,2836
1816,3367
1817,2578
1818,2907
1819,2907
1820,2907
1821,2791
1822,2791
1823,2791
1824,2084
1825,1931
1826,1931
1827,2614
1828,2614
1829,2614
1830,2614
1831,2614
1832,2614
1833,2614
1834,2614
1835,2614
1836,2614
1837,2614
1838,2662
1839,2836
1840,2723
1841,2723
1842,2723
1843,2723
1844,16757
1845,16757
1846,2578
1847,2907
1848,2764
1849,2764
1850,2764
1851,2167
1852,28785
1853,2512
1854,2091
1855,2493
1856,7114
1857,7114
1858,2614
1859,2614
1860,2614
1861,2614
1862,2614
1863,2614
1864,2614
1865,2614
1866,2614
1867,2614
1868,4021
1869,4021
1870,2780
1871,2723
1872,2723
1873,2760
1874,6078
1875,3711
1876,2182
1877,2182
1878,4053
1879,726
1880,2423
1881,2092
1882,7113
1883,7119
1884,2478
1885,2616
1886,2616
1887,2616
1888,3463
1889,3463
1890,3463
1891,3463
1892,4021
1893,4021
1894,4021
1895,4021
1896,2780
1897,2780
1898,2780
1899,2780
1900,2780
1901,2780
1902,3556
1903,6078
1904,2752
1905,3711
1906,2602
1907,2300
1908,44004
1909,44004
1910,13685
1911,3382
1912,2092
1913,1965
1914,2509
1915,7098
1916,3463
1917,3463
1918,3463
1919,3463
1920,4021
1921,4021
1922,4021
1923,4021
1924,3778
1925,3778
1926,3778
1927,2780
1928,2780
1929,2780
1930,2780
1931,3256
1932,2188
1933,3711
1934,2602
1935,3577
1936,2300
1937,2300
1938,26043
1939,2072
1940,44004
1941,26054
1942,669
1943,4257
1944,2217
1945,1965
1946,3463
1947,3463
1948,4021
1949,4021
1950,4021
1951,4021
1952,3778
1953,3778
1954,3778
1955,3778
1956,3778
1957,2780
1958,2780
1959,2780
1960,3256
1961,3256
1962,2923
1963,3577
1964,7036
1965,3429
1966,2071
1967,2071
1968,16198
1969,2072
1970,2073
1971,2073
1972,2083
1973,2083
1974,2217
1975,26077
1976,4021
1977,3778
1978,3778
1979,3778
1980,3778
1981,3778
1982,3803
1983,3803
1984,3803
1985,3803
1986,3803
1987,2923
1988,2923
1989,2923
1990,2923
1991,3429
1992,2071
1993,2071
1994,2072
1995,3945
1996,3945
1997,2308
1998,3803
1999,3803
2000,3803
2001,3803
2002,3803
2003,3803
2004,3803
2005,3803
2006,45071
2007,45071
2008,2780
2009,2923
2010,2745
2011,3092
2012,7053
2013,7053
2014,7053
2015,2071
2016,3945
2017,3945
2018,12991
2019,4058
2020,7126
2021,45071
2022,45071
2023,45071
2024,45071
2025,45071
2026,45071
2027,45071
2028,45071
2029,2745
2030,2745
2031,2745
2032,2745
2033,4808
2034,7053
2035,2894
2036,2894
2037,2894
2038,4058
2039,4058
2040,4069
2041,4069
2042,45066
2043,45071
2044,45071
2045,45071
2046,45071
2047,45071
2048,45071
2049,45071
2050,45071
2051,2745
2052,2745
2053,2745
2054,2745
2055,11878
2056,2894
2057,2894
2058,2894
2059,2866
2060,2866
2061,2866
2062,2866
2063,4118
2064,2622
2065,45066
2066,45071
2067,45071
2068,45071
2069,45071
2070,45071
2071,45071
2072,45071
2073,5644
2074,5644
2075,3179
2076,3179
2077,3179
2078,3179
2079,2625
2080,2625
2081,2625
2082,2625
2083,2866
2084,2832
2085,3991
2086,3840
2087,3840
2088,25324
2089,25324
2090,7099
2091,45071
2092,45071
2093,45071
2094,45071
2095,45071
2096,45071
2097,5644
2098,5644
2099,5644
2100,3970
2101,3970
2102,3970
2103,3970
2104,2661
2105,2661
2106,2832
2107,2832
2108,49022
2109,3991
2110,27665
2111,7044
2112,7044
2113,3840
2114,3840
2115,3840
2116,25324
2117,25324
2118,25324
2119,45071
2120,45071
2121,45071
2122,45071
2123,6996
2124,5644
2125,3031
2126,2822
2127,2832
2128,2832
2129,3915
2130,3915
2131,3915
2132,3787
2133,3498
2134,3498
2135,3498
2136,3498
2137,3498
2138,3840
2139,3840
2140,3840
2141,25324
2142,25324
2143,45071
2144,45071
2145,45071
2146,45071
2147,5644
2148,2839
2149,2839
2150,3703
2151,2822
2152,2190
2153,2489
2154,5144
2155,3787
2156,3498
2157,3498
2158,3498
2159,3498
2160,3498
2161,3498
2162,3498
2163,3498
2164,3498
2165,3498
2166,3840
2167,5644
2168,3917
2169,3862
2170,3284
2171,28654
2172,3258
2173,3739
2174,3739
2175,41549
2176,2190
2177,2190
2178,2190
2179,18659
2180,4110
2181,2643
2182,16226
2183,3313
2184,3313
2185,6415
2186,3742
2187,4001
2188,4001
2189,4001
2190,3498
2191,3498
2192,3498
2193,3498
2194,3498
2195,3498
2196,3498
2197,3498
2198,6996
2199,6996
2200,5644
2201,3917
2202,3862
2203,16874
2204,3921
2205,3749
2206,2190
2207,2190
2208,2189
2209,2006
2210,2441
2211,3366
2212,2536
2213,2716
2214,3313
2215,6415
2216,4001
2217,4001
2218,4001
2219,4001
2220,3498
2221,3498
2222,3498
2223,3498
2224,3498
2225,3498
2226,3498
2227,2253
2228,2253
2229,3862
2230,18700
2231,3749
2232,3749
2233,3749
2234,2189
2235,2189
2236,4935
2237,4825
2238,4659
2239,2536
2240,2716
2241,3313
2242,5167
2243,4001
2244,4001
2245,4001
2246,4001
2247,3498
2248,3498
2249,3498
2250,3498
2251,3498
2252,6996
2253,18707
2254,7050
2255,4044
2256,3749
2257,3749
2258,4935
2259,2554
2260,2554
2261,2554
2262,2924
2263,4619
2264,4619
2265,4018
2266,3354
2267,5339
2268,3544
2269,3544
2270,6415
2271,5167
2272,4001
2273,4001
2274,4001
2275,4001
2276,4001
2277,3498
2278,3498
2279,3498
2280,3498
2281,4121
2282,2811
2283,2242
2284,3363
2285,2600
2286,2850
2287,2850
2288,3264
2289,3264
2290,3264
2291,2554
2292,22312
2293,2979
2294,2158
2295,4659
2296,4659
2297,4659
2298,4619
2299,4018
2300,4018
2301,4018
2302,4018
2303,4066
2304,4066
2305,2675
2306,2675
2307,2675
2308,2675
2309,6415
2310,5167
2311,4001
2312,4001
2313,4001
2314,4001
2315,4001
2316,4001
2317,4001
2318,4001
2319,3498
2320,3498
2321,4121
2322,2811
2323,2811
2324,2756
2325,3363
2326,2414
2327,4078
2328,2850
2329,3264
2330,3264
2331,3264
2332,10098
2333,2979
2334,2158
2335,2158
2336,4659
2337,4659
2338,4659
2339,4619
2340,4018
2341,4018
2342,4018
2343,4018
2344,4066
2345,4066
2346,2675
2347,2675
2348,2675
2349,2675
2350,2675
2351,3544
2352,4001
2353,4001
2354,4001
2355,4001
2356,4001
2357,4001
2358,4001
2359,4001
2360,4001
2361,3498
2362,4121
2363,2811
2364,2971
2365,2769
2366,4926
2367,28644
2368,3264
2369,3264
2370,3264
2371,10098
2372,3115
2373,3115
2374,2158
2375,2158
2376,2158
2377,2158
2378,2158
2379,4659
2380,4659
2381,4659
2382,4018
2383,4018
2384,4018
2385,4018
2386,4018
2387,4066
2388,4066
2389,4066
2390,2675
2391,2675
2392,2675
2393,2675
2394,2675
2395,4001
2396,4001
2397,4001
2398,4001
2399,4001
2400,4001
2401,4001
2402,4001
2403,4001
2404,4001
2405,4121
2406,3421
2407,3095
2408,2552
2409,3530
2410,4078
2411,4078
2412,4078
2413,4078
2414,2850
2415,3264
2416,3264
2417,3508
2418,3115
2419,2164
2420,2158
2421,2158
2422,2158
2423,2158
2424,2158
2425,2158
2426,2158
2427,2158
2428,4018
2429,4018
2430,4018
2431,4018
2432,4066
2433,4066
2434,4066
2435,2675
2436,2675
2437,2675
2438,2675
2439,2675
2440,4001
2441,4001
2442,4001
2443,4001
2444,4001
2445,4001
2446,4001
2447,4001
2448,4001
2449,4121
2450,4255
2451,3095
2452,4078
2453,4078
2454,4078
2455,3264
2456,3264
2457,2732
2458,3320
2459,2164
2460,2164
2461,2164
2462,2164
2463,2164
2464,2158
2465,2158
2466,2158
2467,2158
2468,2158
2469,2158
2470,2158
2471,2158
2472,2158
2473,4018
2474,4018
2475,4018
2476,4066
2477,4066
2478,4066
2479,2675
2480,2675
2481,2675
2482,2675
2483,2675
2484,2675
2485,5167
2486,4001
2487,4001
2488,4001
2489,4001
2490,4001
2491,4001
2492,4001
2493,2656
2494,26097
2495,3530
2496,3530
2497,3530
2498,3530
2499,4078
2500,4078
2501,2729
2502,2729
2503,2732
2504,3162
2505,2054
2506,2164
2507,2164
2508,2164
2509,2164
2510,2158
2511,2158
2512,2158
2513,2158
2514,2158
2515,2158
2516,2158
2517,2158
2518,2158
2519,4659
2520,4018
2521,4018
2522,4018
2523,4066
2524,4066
2525,4066
2526,2675
2527,2675
2528,2675
2529,5167
2530,4001
2531,4001
2532,4001
2533,4001
2534,4001
2535,4001
2536,4001
2537,4001
2538,4001
2539,4001
2540,2656
2541,2656
2542,2656
2543,2656
2544,3081
2545,3530
2546,3530
2547,3530
2548,3530
2549,2729
2550,2729
2551,2729
2552,2729
2553,22294
2554,2054
2555,2054
2556,2164
2557,2164
2558,2164
2559,2158
2560,2158
2561,2158
2562,2158
2563,2158
2564,4018
2565,4018
2566,4066
2567,4066
2568,4066
2569,2675
2570,2675
2571,2675
2572,5167
2573,5167
2574,5167
2575,4001
2576,4001
2577,4001
2578,4001
2579,4001
2580,4001
2581,4001
2582,2656
2583,3795
2584,4067
2585,4067
2586,3081
2587,3081
2588,3530
2589,3530
2590,3530
2591,2729
2592,1269
2593,1269
2594,1269
2595,1269
2596,2053
2597,2053
2598,2053
2599,2164
2600,2158
2601,2158
2602,2158
2603,2158
2604,4018
2605,4018
2606,4018
2607,4018
2608,4066
2609,2675
2610,2675
2611,2675
2612,2675
2613,5167
2614,4001
2615,4001
2616,4001
2617,4001
2618,4001
2619,4001
2620,4001
2621,4001
2622,2656
2623,2656
2624,2656
2625,2656
2626,4100
2627,4067
2628,4067
2629,3081
2630,3081
2631,3081
2632,3081
2633,3530
2634,1269
2635,4142
2636,4142
2637,4142
2638,4142
2639,2053
2640,2053
2641,2053
2642,2053
2643,2053
2644,2053
2645,2053
2646,2053
2647,2158
2648,2158
2649,2158
2650,2158
2651,4018
2652,4018
2653,4018
2654,4018
2655,4018
2656,4018
2657,4018
2658,4066
2659,4066
2660,2675
2661,2675
2662,2675
2663,5167
2664,4001
2665,4001
2666,4001
2667,4001
2668,4001
2669,4001
2670,4001
2671,2656
2672,2656
2673,4100
2674,4355
2675,3495
2676,3495
2677,3495
2678,3495
2679,3081
2680,3081
2681,3081
2682,4142
2683,4142
2684,4142
2685,4142
2686,4142
2687,3697
2688,3697
2689,3697
2690,2053
2691,2053
2692,2053
2693,2053
2694,2053
2695,2053
2696,2053
2697,2053
2698,2158
2699,2158
2700,2158
2701,4018
2702,4018
2703,4018
2704,4018
2705,4018
2706,4018
2707,4018
2708,4066
2709,4066
2710,2675
2711,2675
2712,4001
2713,4001
2714,4001
2715,4001
2716,4001
2717,4001
2718,6904
2719,6904
2720,6904
2721,2656
2722,2656
2723,5478
2724,3495
2725,3495
2726,3495
2727,3495
2728,3540
2729,3540
2730,3015
2731,4142
2732,4142
2733,4142
2734,3697
2735,3697
2736,23387
2737,3624
2738,3067
2739,3067
2740,3067
2741,3067
2742,3067
2743,3067
2744,3067
2745,2052
2746,2630
2747,2158
2748,2158
2749,3174
2750,4018
2751,4018
2752,4018
2753,4018
2754,4018
2755,4066
2756,4066
2757,2675
2758,2675
2759,2675
2760,2675
2761,5167
2762,4001
2763,6904
2764,6904
2765,6904
2766,6904
2767,6904
2768,3529
2769,3540
2770,3540
2771,3733
2772,3015
2773,3015
2774,4142
2775,3697
2776,4075
2777,4075
2778,4075
2779,4075
2780,3067
2781,3067
2782,3067
2783,3067
2784,3067
2785,2097
2786,6817
2787,6817
2788,2630
2789,2630
2790,2630
2791,2630
2792,3174
2793,3174
2794,3174
2795,4018
2796,4018
2797,4018
2798,4066
2799,4066
2800,2675
2801,2675
2802,2675
2803,2675
2804,5167
2805,4001
2806,2146
2807,6903
2808,6904
2809,6904
2810,6904
2811,5904
2812,6197
2813,3540
2814,3540
2815,3540
2816,3443
2817,3733
2818,3733
2819,3015
2820,3015
2821,3228
2822,3697
2823,4075
2824,4075
2825,4075
2826,4075
2827,4075
2828,4075
2829,1968
2830,3067
2831,3067
2832,2097
2833,2097
2834,2097
2835,6817
2836,6817
2837,2052
2838,2630
2839,2630
2840,2630
2841,2630
2842,3174
2843,3174
2844,3174
2845,3174
2846,3174
2847,4018
2848,4066
2849,4066
2850,2675
2851,2675
2852,2675
2853,2675
2854,2675
2855,5167
2856,2146
2857,6903
2858,6904
2859,6904
2860,6904
2861,6378
2862,3443
2863,3733
2864,3015
2865,3228
2866,2181
2867,4075
2868,4075
2869,4075
2870,4075
2871,4075
2872,4075
2873,1968
2874,1968
2875,2097
2876,2097
2877,2097
2878,2097
2879,6817
2880,6817
2881,2052
2882,2630
2883,2630
2884,2630
2885,2630
2886,2630
2887,2630
2888,3174
2889,3174
2890,3174
2891,3174
2892,3174
2893,3174
2894,3174
2895,3174
2896,3174
2897,4056
2898,4056
2899,4056
2900,4056
2901,4056
2902,2112
2903,2146
2904,2146
2905,2146
2906,2146
2907,6903
2908,6904
2909,6904
2910,1766
2911,26948
2912,4572
2913,1594
2914,3443
2915,3443
2916,3733
2917,3015
2918,3015
2919,3228
2920,2181
2921,2181
2922,4075
2923,4075
2924,4075
2925,4075
2926,2097
2927,2097
2928,6817
2929,6817
2930,6817
2931,2052
2932,2630
2933,2630
2934,2630
2935,2630
2936,2630
2937,3174
2938,3174
2939,3174
2940,3174
2941,3174
2942,3174
2943,3174
2944,3174
2945,3174
2946,15460
2947,4056
2948,4056
2949,4056
2950,4056
2951,4056
2952,4056
2953,2112
2954,2112
2955,2146
2956,2146
2957,2146
2958,2146
2959,6903
2960,6903
2961,6904
2962,740
2963,740
2964,740
2965,851
2966,3054
2967,3443
2968,2601
2969,3015
2970,3015
2971,3228
2972,3228
2973,2181
2974,2181
2975,2181
2976,2181
2977,4075
2978,4075
2979,2245
2980,2245
2981,2245
2982,2097
2983,6817
2984,6817
2985,6817
2986,2052
2987,2052
2988,2630
2989,2630
2990,2630
2991,2630
2992,2630
2993,3174
2994,3174
2995,3174
2996,3174
2997,3174
2998,3174
2999,3174
3000,3174
3001,3174
3002,3174
3003,3174
3004,3896
3005,15460
3006,4056
3007,4056
3008,4056
3009,4056
3010,4056
3011,2112
3012,2112
3013,2112
3014,2112
3015,2146
3016,2146
3017,2146
3018,2146
3019,2146
3020,6903
3021,4019
3022,1742
3023,2754
3024,3228
3025,3228
3026,2181
3027,2181
3028,2181
3029,2181
3030,4075
3031,2245
3032,2245
3033,2245
3034,6817
3035,6817
3036,2052
3037,2052
3038,2630
3039,2630
3040,2630
3041,2630
3042,3174
3043,3174
3044,3174
3045,3174
3046,3174
3047,3174
3048,3174
3049,3174
3050,15460
3051,4056
3052,4056
3053,4056
3054,4056
3055,4056
3056,2112
3057,2112
3058,2112
3059,2112
3060,2112
3061,2112
3062,2146
3063,2146
3064,2146
3065,2146
3066,2146
3067,2146
3068,6903
3069,6903
3070,2737
3071,2849
3072,2849
3073,2754
3074,5239
3075,3919
3076,3228
3077,2181
3078,2181
3079,2181
3080,4041
3081,4041
3082,2941
3083,2245
3084,7123
3085,7123
3086,7123
3087,2052
3088,2111
3089,2630
3090,2630
3091,2630
3092,2630
3093,2630
3094,2630
3095,3174
3096,3174
3097,3174
3098,3174
3099,3174
3100,3174
3101,3174
3102,3174
3103,3174
3104,2895
3105,3896
3106,15460
3107,4056
3108,4056
3109,4056
3110,4056
3111,4056
3112,2112
3113,2112
3114,2112
3115,2112
3116,2112
3117,2112
3118,2112
3119,2112
3120,2112
3121,2146
3122,2146
3123,2146
3124,2146
3125,2146
3126,6903
3127,6903
3128,5904
3129,4019
3130,4045
3131,2595
3132,10650
3133,2166
3134,1752
3135,2849
3136,5239
3137,1767
3138,4041
3139,4041
3140,2941
3141,2941
3142,2941
3143,7123
3144,7123
3145,2111
3146,2630
3147,2630
3148,2630
3149,2630
3150,2630
3151,3174
3152,3174
3153,3174
3154,3174
3155,3174
3156,3174
3157,3174
3158,3174
3159,3174
3160,3174
3161,2895
3162,3896
3163,4056
3164,4056
3165,4056
3166,4056
3167,2112
3168,2112
3169,2112
3170,2112
3171,2112
3172,2112
3173,4271
3174,2146
3175,2146
3176,2146
3177,2146
3178,2146
3179,2146
3180,2146
3181,2146
3182,6903
3183,5822
3184,3764
3185,1752
3186,1752
3187,4113
3188,4113
3189,2941
3190,2941
3191,2941
3192,2941
3193,2941
3194,2941
3195,7123
3196,7123
3197,7123
3198,7123
3199,1611
3200,1611
3201,3174
3202,3174
3203,3174
3204,3174
3205,3174
3206,3174
3207,3174
3208,2895
3209,2895
3210,3896
3211,3896
3212,15460
3213,4056
3214,4056
3215,4056
3216,2112
3217,2112
3218,2112
3219,2112
3220,2112
3221,2146
3222,2146
3223,2146
3224,2146
3225,2146
3226,2146
3227,6903
3228,6903
3229,6904
3230,5904
3231,5904
3232,5904
3233,5822
3234,2214
3235,3764
3236,3982
3237,1776
3238,2735
3239,863
3240,2941
3241,2941
3242,2941
3243,2941
3244,2941
3245,2941
3246,7123
3247,7123
3248,1611
3249,1611
3250,28041
3251,3174
3252,3174
3253,3174
3254,3174
3255,3174
3256,3174
3257,3174
3258,3174
3259,4568
3260,2895
3261,3896
3262,4056
3263,4056
3264,4056
3265,2112
3266,2112
3267,2112
3268,2112
3269,2112
3270,4271
3271,3976
3272,2146
3273,2146
3274,2146
3275,2146
3276,2146
3277,2146
3278,6903
3279,6904
3280,1858
3281,3827
3282,4087
3283,2219
3284,2558
3285,2735
3286,2735
3287,2735
3288,1735
3289,1735
3290,16553
3291,2941
3292,2941
3293,2941
3294,2941
3295,2941
3296,2941
3297,2941
3298,7123
3299,7123
3300,7123
3301,1611
3302,28041
3303,28041
3304,28041
3305,3174
3306,3174
3307,3174
3308,3174
3309,3174
3310,4568
3311,2895
3312,2895
3313,3896
3314,15460
3315,4056
3316,4056
3317,4056
3318,2112
3319,2112
3320,2112
3321,2112
3322,4271
3323,2146
3324,2146
3325,2146
3326,2146
3327,2146
3328,2146
3329,6904
3330,4087
3331,2219
3332,2013
3333,2735
3334,2735
3335,2735
3336,2686
3337,1739
3338,1733
3339,16553
3340,11640
3341,2644
3342,2644
3343,2644
3344,2644
3345,2644
3346,2644
3347,7123
3348,7123
3349,7123
3350,7123
3351,28042
3352,3174
3353,3174
3354,2954
3355,4568
3356,4568
3357,2895
3358,3896
3359,3896
3360,4056
3361,4056
3362,4056
3363,2112
3364,2112
3365,2112
3366,2112
3367,2112
3368,2112
3369,4271
3370,4271
3371,4271
3372,3976
3373,3976
3374,2146
3375,2146
3376,2146
3377,2146
3378,2146
3379,2146
3380,2146
3381,2892
3382,4087
3383,2013
3384,2986
3385,2807
3386,3433
3387,1716
3388,3566
3389,3566
3390,2686
3391,10340
3392,2644
3393,2644
3394,2644
3395,2644
3396,2644
3397,2644
3398,2644
3399,2644
3400,7123
3401,7123
3402,7123
3403,7123
3404,28041
3405,2954
3406,2954
3407,4568
3408,2895
3409,3896
3410,3896
3411,15460
3412,4056
3413,2112
3414,2112
3415,2112
3416,2112
3417,4271
3418,4271
3419,4271
3420,3976
3421,3976
3422,3976
3423,2146
3424,2146
3425,2146
3426,2146
3427,2146
3428,2146
3429,2146
3430,6904
3431,6904
3432,3946
3433,2957
3434,3386
3435,3600
3436,3060
3437,3302
3438,3292
3439,3566
3440,1713
3441,2644
3442,2644
3443,2644
3444,2644
3445,2644
3446,2644
3447,2644
3448,7123
3449,7123
3450,2954
3451,2954
3452,2954
3453,4568
3454,2895
3455,2895
3456,3896
3457,15460
3458,4056
3459,4056
3460,2112
3461,2112
3462,2112
3463,2112
3464,2112
3465,4271
3466,4271
3467,4271
3468,3976
3469,3976
3470,3976
3471,3976
3472,2146
3473,2146
3474,2146
3475,2146
3476,2146
3477,2146
3478,2652
3479,3954
3480,3954
3481,3946
3482,3946
3483,3600
3484,3060
3485,3302
3486,3292
3487,3995
3488,1774
3489,1713
3490,3139
3491,2644
3492,2644
3493,2644
3494,2644
3495,2644
3496,2644
3497,2644
3498,2644
3499,2173
3500,2954
3501,2954
3502,2954
3503,2954
3504,4568
3505,4568
3506,2895
3507,2895
3508,2895
3509,3896
3510,3896
3511,2112
3512,2112
3513,2112
3514,2112
3515,4271
3516,4271
3517,4271
3518,4271
3519,4271
3520,4271
3521,3976
3522,3976
3523,3976
3524,3976
3525,29669
3526,29669
3527,29669
3528,2146
3529,2146
3530,14303
3531,3954
3532,3060
3533,3302
3534,3292
3535,3995
3536,24148
3537,24148
3538,2099
3539,5073
3540,2644
3541,2644
3542,2644
3543,2644
3544,2644
3545,2644
3546,2644
3547,2644
3548,2173
3549,2173
3550,2173
3551,2173
3552,2954
3553,2954
3554,2954
3555,4568
3556,4568
3557,2895
3558,2112
3559,2112
3560,4271
3561,4271
3562,4271
3563,4271
3564,4271
3565,4271
3566,3976
3567,3976
3568,3976
3569,3976
3570,3976
3571,29669
3572,29669
3573,2140
3574,4893
3575,3990
3576,3954
3577,3954
3578,3954
3579,3946
3580,3600
3581,3060
3582,3302
3583,3292
3584,3579
3585,3579
3586,3579
3587,2099
3588,2099
3589,2644
3590,2644
3591,2644
3592,2644
3593,2644
3594,2644
3595,2644
3596,2644
3597,2173
3598,2173
3599,2173
3600,2173
3601,4271
3602,4271
3603,4271
3604,4271
3605,4271
3606,4271
3607,6265
3608,3976
3609,3976
3610,3976
3611,3976
3612,6875
3613,6875
3614,4234
3615,4893
3616,3990
3617,3954
3618,3954
3619,3954
3620,2986
3621,3302
3622,3302
3623,3579
3624,3579
3625,3579
3626,3579
3627,3808
3628,3808
3629,2099
3630,2099
3631,2644
3632,2644
3633,2644
3634,2644
3635,2644
3636,2644
3637,2644
3638,4271
3639,4271
3640,4271
3641,6265
3642,6265
3643,6265
3644,3227
3645,3976
3646,3976
3647,3976
3648,3976
3649,6875
3650,6896
3651,6896
3652,4234
3653,3954
3654,3954
3655,3954
3656,3579
3657,3579
3658,3135
3659,3135
3660,3135
3661,3230
3662,3808
3663,3808
3664,2099
3665,2099
3666,2644
3667,2644
3668,2644
3669,2644
3670,2644
3671,2644
3672,2644
3673,2173
3674,2173
3675,4271
3676,15446
3677,6265
3678,6265
3679,6265
3680,6265
3681,3227
3682,3227
3683,3227
3684,3976
3685,3976
3686,6890
3687,5749
3688,3389
3689,4241
3690,4893
3691,3990
3692,3990
3693,2970
3694,3670
3695,3670
3696,3579
3697,3135
3698,3135
3699,3135
3700,3135
3701,3135
3702,3808
3703,3808
3704,3808
3705,2099
3706,2644
3707,2644
3708,2644
3709,2644
3710,2644
3711,2644
3712,2644
3713,2173
3714,2173
3715,2173
3716,3618
3717,3618
3718,3618
3719,3618
3720,15446
3721,6265
3722,6265
3723,6265
3724,6265
3725,3227
3726,3227
3727,3227
3728,3227
3729,1933
3730,5749
3731,3389
3732,3389
3733,3990
3734,2970
3735,2970
3736,3670
3737,3670
3738,3670
3739,3670
3740,3135
3741,3135
3742,3135
3743,3135
3744,3230
3745,3808
3746,3808
3747,3808
3748,3808
3749,3808
3750,2644
3751,2644
3752,2644
3753,2644
3754,2644
3755,2644
3756,2173
3757,2173
3758,3618
3759,3618
3760,3618
3761,3618
3762,3618
3763,2566
3764,15446
3765,6265
3766,6265
3767,6265
3768,6265
3769,3227
3770,3227
3771,3227
3772,3227
3773,40491
3774,6431
3775,6890
3776,3389
3777,4241
3778,3419
3779,2057
3780,2057
3781,3670
3782,3670
3783,3670
3784,3670
3785,3670
3786,3670
3787,3135
3788,3135
3789,3135
3790,3230
3791,3230
3792,3808
3793,3808
3794,3808
3795,3808
3796,3808
3797,2644
3798,2644
3799,2644
3800,2644
3801,2644
3802,2173
3803,2173
3804,2173
3805,3618
3806,3618
3807,3526
3808,2566
3809,2566
3810,2566
3811,6265
3812,6265
3813,6265
3814,3227
3815,3227
3816,3227
3817,40491
3818,4241
3819,4241
3820,4989
3821,3419
3822,2057
3823,3670
3824,3670
3825,3670
3826,3670
3827,3670
3828,3135
3829,3135
3830,3135
3831,3135
3832,3808
3833,3808
3834,3808
3835,3808
3836,3808
3837,2644
3838,2644
3839,2173
3840,2173
3841,3618
3842,3618
3843,3526
3844,3526
3845,3526
3846,2566
3847,2566
3848,2566
3849,6265
3850,3227
3851,3227
3852,3227
3853,3227
3854,6889
3855,6889
3856,6889
3857,4989
3858,4989
3859,4989
3860,2057
3861,2970
3862,3670
3863,3670
3864,3670
3865,3670
3866,3670
3867,3670
3868,3135
3869,3135
3870,3135
3871,3230
3872,3230
3873,3808
3874,3808
3875,3808
3876,3808
3877,3808
3878,2644
3879,2644
3880,2644
3881,2173
3882,2173
3883,2173
3884,2173
3885,3618
3886,3526
3887,3526
3888,3526
3889,3526
3890,3526
3891,2566
3892,2566
3893,2566
3894,6265
3895,6265
3896,3227
3897,3227
3898,3227
3899,3227
3900,6889
3901,6889
3902,4989
3903,4989
3904,6958
3905,3670
3906,3670
3907,26961
3908,3044
3909,1964
3910,1964
3911,1964
3912,3135
3913,3135
3914,3135
3915,3230
3916,3808
3917,3808
3918,3808
3919,3808
3920,3808
3921,2644
3922,2644
3923,2644
3924,2173
3925,2173
3926,2173
3927,3526
3928,3526
3929,3526
3930,2566
3931,3227
3932,3227
3933,3227
3934,3227
3935,6889
3936,2141
3937,4989
3938,3419
3939,1964
3940,1964
3941,1964
3942,1964
3943,1964
3944,1964
3945,3135
3946,3230
3947,3808
3948,3808
3949,3808
3950,3808
3951,2644
3952,2644
3953,2173
3954,2173
3955,2173
3956,2173
3957,2173
3958,2566
3959,3227
3960,6889
3961,50259
3962,1964
3963,1964
3964,1964
3965,1964
3966,1964
3967,3808
3968,3808
3969,3808
3970,3808
3971,3808
3972,2173
3973,2173
3974,2173
3975,2173
3976,2173
3977,2173
3978,50259
3979,3728
3980,4858
3981,3041
3982,28173
3983,1964
3984,1964
3985,1964
3986,1964
3987,3230
3988,3808
3989,3808
3990,3808
3991,3808
3992,3808
3993,3808
3994,2173
3995,2173
3996,2173
3997,2173
3998,3728
3999,3545
4000,3041
4001,3041
4002,3041
4003,28173
4004,1964
4005,1964
4006,3230
4007,3230
4008,3230
4009,3808
4010,3808
4011,3808
4012,3808
4013,3808
4014,2173
4015,2173
4016,2173
4017,7134
4018,7134
4019,3728
4020,2588
4021,2926
4022,3050
4023,3041
4024,3041
4025,3041
4026,3230
4027,3230
4028,3808
4029,3808
4030,3808
4031,3808
4032,3808
4033,3808
4034,7134
4035,7134
4036,7134
4037,7134
4038,7134
4039,3728
4040,2225
4041,2225
4042,2926
4043,3050
4044,3041
4045,1964
4046,1964
4047,1964
4048,3230
4049,3230
4050,3808
4051,3808
4052,3808
4053,3808
4054,3808
4055,3808
4056,7134
4057,7134
4058,7134
4059,7134
4060,22734
4061,2100
4062,3365
4063,29646
4064,3039
4065,3039
4066,3039
4067,3041
4068,3041
4069,1964
4070,1964
4071,3230
4072,3230
4073,3808
4074,3808
4075,3808
4076,3808
4077,3808
4078,7134
4079,7134
4080,7134
4081,7134
4082,7134
4083,7134
4084,7134
4085,4062
4086,3057
4087,3057
4088,26969
4089,3039
4090,3039
4091,3039
4092,3039
4093,3039
4094,1964
4095,1964
4096,1964
4097,3808
4098,3808
4099,3808
4100,7134
4101,7134
4102,7134
4103,7134
4104,7134
4105,7134
4106,7134
4107,3057
4108,3057
4109,6946
4110,29657
4111,29657
4112,3039
4113,3039
4114,3039
4115,3039
4116,1964
4117,3808
4118,3808
4119,3808
4120,3808
4121,7134
4122,7134
4123,7134
4124,7134
4125,7134
4126,7134
4127,29394
4128,6946
4129,6946
4130,29657
4131,3039
4132,3039
4133,3039
4134,3039
4135,3039
4136,1964
4137,3230
4138,3808
4139,3808
4140,7134
4141,7134
4142,7134
4143,7134
4144,7134
4145,7134
4146,7134
4147,3953
4148,26940
4149,26940
4150,6946
4151,6946
4152,29657
4153,29657
4154,29657
4155,29657
4156,29657
4157,3039
4158,3039
4159,1964
4160,1964
4161,1964
4162,3230
4163,3230
4164,3808
4165,3808
4166,7134
4167,7134
4168,7134
4169,7134
4170,7134
4171,26940
4172,3608
4173,3608
4174,3608
4175,29657
4176,29657
4177,29657
4178,29657
4179,29657
4180,29657
4181,3039
4182,3039
4183,7134
4184,7134
4185,7134
4186,7134
4187,7134
4188,7134
4189,7134
4190,3608
4191,3608
4192,3608
4193,3608
4194,3608
4195,29657
4196,29657
4197,29657
4198,29657
4199,29657
4200,3039
4201,3039
4202,3230
4203,7134
4204,7134
4205,7134
4206,7134
4207,7134
4208,7134
4209,3608
4210,3608
4211,3608
4212,3608
4213,3608
4214,3608
4215,3608
4216,3608
4217,29657
4218,29657
4219,29657
4220,3039
4221,3039
4222,7134
4223,7134
4224,7134
4225,7134
4226,7134
4227,7134
4228,7134
4229,7134
4230,7134
4231,3608
4232,3608
4233,3608
4234,3608
4235,3608
4236,3608
4237,3608
4238,29657
4239,29657
4240,29657
4241,7134
4242,7134
4243,7134
4244,7134
4245,6935
4246,6935
4247,5952
4248,3608
4249,3608
4250,3608
4251,3608
4252,29657
4253,7134
4254,7134
4255,7134
4256,7134
4257,7134
4258,7134
4259,7134
4260,7134
4261,7134
4262,6935
4263,5952
4264,5952
4265,5952
4266,5952
4267,5952
4268,5952
4269,5952
4270,5952
4271,29657
4272,7134
4273,7134
4274,7134
4275,7134
4276,7134
4277,7134
4278,7134
4279,7134
4280,5952
4281,5952
4282,5952
4283,5952
4284,5952
4285,5952
4286,5952
4287,5952
4288,5952
4289,5952
4290,5952
4291,5952
4292,7131
4293,7131
4294,7131
4295,7131
4296,7131
4297,7131
4298,7131
4299,7131
4300,7131
4301,3497
4302,5952
4303,5952
4304,5952
4305,5952
4306,5952
4307,5952
4308,5952
4309,5952
4310,5952
4311,5952
4312,5952
4313,5952
4314,5952
4315,5952
4316,5952
4317,7131
4318,7131
4319,7131
4320,7131
4321,7131
4322,7131
4323,7131
4324,7131
4325,7131
4326,6933
4327,6933
4328,6933
4329,5952
4330,5952
4331,5952
4332,5952
4333,5952
4334,5952
4335,5952
4336,5952
4337,5952
4338,5952
4339,5952
4340,5952
4341,5952
4342,5952
4343,7131
4344,7131
4345,7131
4346,7131
4347,7131
4348,7131
4349,7131
4350,7131
4351,7131
4352,25290
4353,6933
4354,6933
4355,6933
4356,6933
4357,5952
4358,5952
4359,5952
4360,5952
4361,5952
4362,5952
4363,5952
4364,5952
4365,5952
4366,5952
4367,5952
4368,7131
4369,7131
4370,7131
4371,7131
4372,7131
4373,7131
4374,7131
4375,7131
4376,7131
4377,48208
4378,2104
4379,3482
4380,6933
4381,6933
4382,6933
4383,6933
4384,5952
4385,5952
4386,5952
4387,5952
4388,5952
4389,5952
4390,5952
4391,5952
4392,5952
4393,7131
4394,7131
4395,7131
4396,7131
4397,7131
4398,7131
4399,7131
4400,7131
4401,7131
4402,2925
4403,3163
4404,893
4405,3482
4406,3482
4407,3482
4408,3482
4409,6933
4410,6933
4411,6933
4412,6933
4413,6933
4414,6933
4415,6933
4416,5952
4417,5952
4418,5952
4419,5952
4420,7131
4421,7131
4422,7131
4423,7131
4424,7131
4425,7131
4426,7131
4427,7131
4428,7131
4429,7131
4430,18265
4431,18265
4432,893
4433,3482
4434,3482
4435,3482
4436,3482
4437,6933
4438,6933
4439,6933
4440,6933
4441,5952
4442,5952
4443,5952
4444,5952
4445,7131
4446,7131
4447,7131
4448,7131
4449,7131
4450,7131
4451,7131
4452,7131
4453,43448
4454,3046
4455,2109
4456,28191
4457,28191
4458,28191
4459,3482
4460,3482
4461,3482
4462,3482
4463,3482
4464,6933
4465,6933
4466,6933
4467,6933
4468,5952
4469,5952
4470,5952
4471,7131
4472,7131
4473,7131
4474,7131
4475,7131
4476,7131
4477,7131
4478,7131
4479,7131
4480,2103
4481,3341
4482,3341
4483,3359
4484,3359
4485,3046
4486,2109
4487,2109
4488,2109
4489,2109
4490,28191
4491,3482
4492,3482
4493,3482
4494,3482
4495,3482
4496,3482
4497,6933
4498,6933
4499,6933
4500,6933
4501,5952
4502,5952
4503,5952
4504,7131
4505,7131
4506,7131
4507,7131
4508,7131
4509,7131
4510,7131
4511,7131
4512,3051
4513,3051
4514,2185
4515,2102
4516,3341
4517,3341
4518,3359
4519,3359
4520,3046
4521,2109
4522,2109
4523,2109
4524,2109
4525,2109
4526,2109
4527,28191
4528,3482
4529,3482
4530,3482
4531,3482
4532,3482
4533,6933
4534,6933
4535,6933
4536,5952
4537,7131
4538,7131
4539,7131
4540,7131
4541,7131
4542,7131
4543,7131
4544,7131
4545,7131
4546,7131
4547,6871
4548,3051
4549,3051
4550,3051
4551,2185
4552,2185
4553,2102
4554,3341
4555,3359
4556,3359
4557,3046
4558,2109
4559,2109
4560,2109
4561,2109
4562,2109
4563,2109
4564,2109
4565,2109
4566,28191
4567,3482
4568,3482
4569,6933
4570,6933
4571,6933
4572,6933
4573,6933
4574,7131
4575,7131
4576,7131
4577,7131
4578,7131
4579,7131
4580,7131
4581,7132
4582,7132
4583,7132
4584,1012
4585,3725
4586,3051
4587,3051
4588,2185
4589,2185
4590,2102
4591,3341
4592,3359
4593,3359
4594,3046
4595,2109
4596,2109
4597,2109
4598,2109
4599,2109
4600,2109
4601,2109
4602,2109
4603,2109
4604,6933
4605,6933
4606,6933
4607,6933
4608,7132
4609,7132
4610,7132
4611,7132
4612,7132
4613,7132
4614,7132
4615,7132
4616,7132
4617,2228
4618,2228
4619,2446
4620,2446
4621,3639
4622,3784
4623,3784
4624,3784
4625,3784
4626,3784
4627,3442
4628,3359
4629,3046
4630,2109
4631,2109
4632,2109
4633,2109
4634,2109
4635,2109
4636,2109
4637,2109
4638,2109
4639,3482
4640,6933
4641,6933
4642,7132
4643,7132
4644,7132
4645,7132
4646,7132
4647,7132
4648,2447
4649,2446
4650,2446
4651,3639
4652,3784
4653,3784
4654,3784
4655,3442
4656,3442
4657,3442
4658,3442
4659,3442
4660,2109
4661,2109
4662,2109
4663,2109
4664,2109
4665,2109
4666,2109
4667,2109
4668,3482
4669,3482
4670,6933
4671,6933
4672,7132
4673,7132
4674,7132
4675,7132
4676,7132
4677,7132
4678,7132
4679,7132
4680,7132
4681,46096
4682,46096
4683,1963
4684,3784
4685,3784
4686,3784
4687,3442
4688,3442
4689,3442
4690,3442
4691,3442
4692,2719
4693,4759
4694,4759
4695,4759
4696,4759
4697,4759
4698,2109
4699,2109
4700,3735
4701,3735
4702,3735
4703,3735
4704,7132
4705,7132
4706,7132
4707,7132
4708,7132
4709,7132
4710,7132
4711,7132
4712,7132
4713,7132
4714,46096
4715,7141
4716,3442
4717,3442
4718,3442
4719,3442
4720,2719
4721,2719
4722,4759
4723,4759
4724,4759
4725,4759
4726,4759
4727,3735
4728,3735
4729,3735
4730,3735
4731,3735
4732,3735
4733,3735
4734,7132
4735,7132
4736,7132
4737,7132
4738,7132
4739,7132
4740,7132
4741,7132
4742,7132
4743,7132
4744,7132
4745,3442
4746,2719
4747,27404
4748,4759
4749,4759
4750,4759
4751,4759
4752,4759
4753,2450
4754,3735
4755,3735
4756,3735
4757,3735
4758,3735
4759,3735
4760,3735
4761,7132
4762,7132
4763,7132
4764,7132
4765,7132
4766,7132
4767,7132
4768,7132
4769,7132
4770,7132
4771,2719
4772,27404
4773,4759
4774,4759
4775,4759
4776,4759
4777,2450
4778,2450
4779,3735
4780,3735
4781,3735
4782,3735
4783,3735
4784,7132
4785,7132
4786,7132
4787,7132
4788,7132
4789,7132
4790,4759
4791,4759
4792,4759
4793,2450
4794,2450
4795,3735
4796,3735
4797,3735
4798,3735
4799,3735
4800,3735
4801,3735
4802,3735
4803,3735
4804,7132
4805,7132
4806,7132
4807,7132
4808,7132
4809,7132
4810,7132
4811,7132
4812,7132
4813,4759
4814,4759
4815,2450
4816,2450
4817,3735
4818,3735
4819,3735
4820,3735
4821,3735
4822,3735
4823,3735
4824,7132
4825,7132
4826,7132
4827,7132
4828,7132
4829,7132
4830,7132
4831,7132
4832,7132
4833,6907
4834,3403
4835,2450
4836,2969
4837,3735
4838,3735
4839,3735
4840,3735
4841,3735
4842,3735
4843,3735
4844,3735
4845,3735
4846,3735
4847,7132
4848,7132
4849,7132
4850,7132
4851,7132
4852,7132
4853,7132
4854,7132
4855,1606
4856,3735
4857,3735
4858,3735
4859,3735
4860,3735
4861,3735
4862,3735
4863,3735
4864,3735
4865,3735
4866,3735
4867,7132
4868,7132
4869,7132
4870,2969
4871,3735
4872,3735
4873,3735
4874,3735
4875,3735
4876,3735
4877,3735
4878,3735
4879,3735
4880,3735
4881,3735
4882,3735
4883,3735
4884,7132
4885,7132
4886,7132
4887,1790
4888,2853
4889,3735
4890,3735
4891,3735
4892,3735
4893,3735
4894,3735
4895,7132
4896,7132
4897,7132
4898,7132
4899,2853
4900,2853
4901,2853
4902,2853
4903,2853
4904,2853
4905,2853
4906,2853
4907,2853
4908,2853
4909,2853
4910,2853
4911,7132
4912,7132
4913,7132
4914,7132
4915,7132
4916,7132
4917,7132
4918,6643
4919,6643
4920,6643
4921,6643
4922,6643
4923,2853
4924,7132
4925,7132
4926,7132
4927,7132
4928,7132
4929,7132
4930,6643
4931,6643
4932,6643
4933,6643
4934,6643
4935,6643
4936,6643
4937,7132
4938,7132
4939,3965
4940,4243
4941,6643
4942,6643
4943,6643
4944,6643
4945,6643
4946,6643
4947,6643
4948,6643
4949,6643
4950,7132
4951,7132
4952,3881
4953,4243
4954,2236
4955,6643
4956,6643
4957,6643
4958,6643
4959,6643
4960,6643
4961,6643
4962,6643
4963,6643
4964,6643
4965,1945
4966,7132
4967,7132
4968,7132
4969,3965
4970,3965
4971,3965
4972,3965
4973,3965
4974,4243
4975,2236
4976,6643
4977,6643
4978,6643
4979,6643
4980,6643
4981,6643
4982,6643
4983,6643
4984,6643
4985,6643
4986,6643
4987,6643
4988,6643
4989,1945
4990,1945
4991,7132
4992,3965
4993,3965
4994,3965
4995,3965
4996,2236
4997,6643
4998,6643
4999,6643
5000,6643
5001,6643
5002,6643
5003,1945
5004,1945
5005,1945
5006,3965
5007,3965
5008,3965
5009,2236
5010,6643
5011,6643
5012,6643
5013,6643
5014,1945
5015,1945
5016,1945
5017,1945
5018,3965
5019,3965
5020,3965
5021,3965
5022,3965
5023,3965
5024,6643
5025,6643
5026,6643
5027,6643
5028,6643
5029,1945
5030,1945
5031,1945
5032,1285
5033,7132
5034,3794
5035,4253
5036,4253
5037,4253
5038,25782
5039,15419
5040,3965
5041,3965
5042,3965
5043,6643
5044,6643
5045,6643
5046,6643
5047,6643
5048,6643
5049,6643
5050,6643
5051,1945
5052,1945
5053,1945
5054,1945
5055,1945
5056,1285
5057,3074
5058,2394
5059,15419
5060,15419
5061,15419
5062,15419
5063,3965
5064,3965
5065,3965
5066,4563
5067,6643
5068,6643
5069,2222
5070,1945
5071,1945
5072,1945
5073,1945
5074,1945
5075,1945
5076,1945
5077,1945
5078,1285
5079,1285
5080,3455
5081,3449
5082,6866
5083,3855
5084,15419
5085,15419
5086,15419
5087,15419
5088,4563
5089,4563
5090,4563
5091,2222
5092,2222
5093,2222
5094,1945
5095,1945
5096,1945
5097,1945
5098,1945
5099,1285
5100,3455
5101,2247
5102,2247
5103,7040
5104,2078
5105,4048
5106,14475
5107,15419
5108,15419
5109,15419
5110,4563
5111,4563
5112,4563
5113,4563
5114,4563
5115,2196
5116,2222
5117,2222
5118,2222
5119,1945
5120,1945
5121,1945
5122,1945
5123,1945
5124,1285
5125,1285
5126,2908
5127,5449
5128,5449
5129,6867
5130,2261
5131,6977
5132,4048
5133,4048
5134,15419
5135,15419
5136,6675
5137,6675
5138,4563
5139,4563
5140,2196
5141,2196
5142,2222
5143,2222
5144,2222
5145,1945
5146,1945
5147,1945
5148,1945
5149,1945
5150,1285
5151,1285
5152,1285
5153,1285
5154,1285
5155,27972
5156,2908
5157,2908
5158,5449
5159,3122
5160,5373
5161,5373
5162,4048
5163,4048
5164,6675
5165,6675
5166,6675
5167,4563
5168,4563
5169,4563
5170,4563
5171,4563
5172,2196
5173,2196
5174,2222
5175,2222
5176,2222
5177,1945
5178,1945
5179,1945
5180,1945
5181,1945
5182,1945
5183,1945
5184,1285
5185,1285
5186,1285
5187,27972
5188,3390
5189,5373
5190,5373
5191,5373
5192,5373
5193,5373
5194,2523
5195,6675
5196,6675
5197,6675
5198,4563
5199,4563
5200,4563
5201,4563
5202,2196
5203,2196
5204,2196
5205,2196
5206,2196
5207,2222
5208,2222
5209,2222
5210,1945
5211,1945
5212,1945
5213,1945
5214,1945
5215,1945
5216,1285
5217,1285
5218,23372
5219,6775
5220,6775
5221,2605
5222,2605
5223,2605
5224,2605
5225,2523
5226,2523
5227,6675
5228,6675
5229,30312
5230,4563
5231,5430
5232,2196
5233,2196
5234,2196
5235,2196
5236,2196
5237,2196
5238,2222
5239,2222
5240,2222
5241,2222
5242,1945
5243,1945
5244,1945
5245,1945
5246,1285
5247,1285
5248,1285
5249,1285
5250,2246
5251,2605
5252,2605
5253,2605
5254,6675
5255,5430
5256,2561
5257,2196
5258,2196
5259,2196
5260,2196
5261,2196
5262,2222
5263,2222
5264,2222
5265,2222
5266,2222
5267,1945
5268,1945
5269,1945
5270,1945
5271,1945
5272,1285
5273,1285
5274,1285
5275,1285
5276,3029
5277,3879
5278,3814
5279,2605
5280,4742
5281,4742
5282,2561
5283,2196
5284,2196
5285,2196
5286,2196
5287,2196
5288,2196
5289,2222
5290,2222
5291,2222
5292,2222
5293,2222
5294,1945
5295,1945
5296,1285
5297,1285
5298,1285
5299,1285
5300,3688
5301,3799
5302,4742
5303,4742
5304,1941
5305,2196
5306,2196
5307,2196
5308,2196
5309,2196
5310,2196
5311,2001
5312,2222
5313,2222
5314,2222
5315,2222
5316,2222
5317,1945
5318,1945
5319,1945
5320,1945
5321,1285
5322,1285
5323,1285
5324,26402
5325,3799
5326,3799
5327,2133
5328,4333
5329,4333
5330,4333
5331,2001
5332,2001
5333,2001
5334,6993
5335,6993
5336,2222
5337,2222
5338,2222
5339,2222
5340,2222
5341,1945
5342,1945
5343,1945
5344,1945
5345,1285
5346,1285
5347,1285
5348,1285
5349,1285
5350,2858
5351,3799
5352,6916
5353,3960
5354,2001
5355,2001
5356,6993
5357,6993
5358,6993
5359,2222
5360,2222
5361,2222
5362,2222
5363,2222
5364,1945
5365,1945
5366,1945
5367,1285
5368,2195
5369,2876
5370,3063
5371,3799
5372,6245
5373,2001
5374,2001
5375,2001
5376,2001
5377,2001
5378,6993
5379,6993
5380,6993
5381,6993
5382,2222
5383,2222
5384,2222
5385,2222
5386,2222
5387,1945
5388,1945
5389,1285
5390,1285
5391,1285
5392,3962
5393,3962
5394,2539
5395,3063
5396,3310
5397,2001
5398,2001
5399,2001
5400,2001
5401,2001
5402,6993
5403,6993
5404,6993
5405,6993
5406,2222
5407,2222
5408,2222
5409,2222
5410,1945
5411,1945
5412,1945
5413,1285
5414,1285
5415,3962
5416,2195
5417,3719
5418,3450
5419,2157
5420,2003
5421,2001
5422,2001
5423,2001
5424,26578
5425,6993
5426,6993
5427,6993
5428,2222
5429,2222
5430,2222
5431,2222
5432,2222
5433,1945
5434,1945
5435,1945
5436,1285
5437,1285
5438,2195
5439,2195
5440,2195
5441,911
5442,2772
5443,2772
5444,2915
5445,2653
5446,2901
5447,2329
5448,2135
5449,2135
5450,26578
5451,6993
5452,6993
5453,6993
5454,6993
5455,2222
5456,2222
5457,2222
5458,2222
5459,1945
5460,1945
5461,1945
5462,1285
5463,1285
5464,3962
5465,3962
5466,2195
5467,2195
5468,3434
5469,1917
5470,1917
5471,2772
5472,2772
5473,2653
5474,25387
5475,2928
5476,3625
5477,2135
5478,2135
5479,3094
5480,26578
5481,26578
5482,6993
5483,6993
5484,6993
5485,3974
5486,2222
5487,2222
5488,2222
5489,1945
5490,1285
5491,1285
5492,1285
5493,3962
5494,2195
5495,2195
5496,2195
5497,2195
5498,2479
5499,2479
5500,3434
5501,1917
5502,1917
5503,2405
5504,48879
5505,2766
5506,3438
5507,3625
5508,2135
5509,2240
5510,3094
5511,26578
5512,6993
5513,6993
5514,6993
5515,3974
5516,5015
5517,2222
5518,2222
5519,1945
5520,1285
5521,1285
5522,1285
5523,3962
5524,3962
5525,2195
5526,2195
5527,2195
5528,2195
5529,2479
5530,2479
5531,1917
5532,1917
5533,2772
5534,2405
5535,2759
5536,17224
5537,3094
5538,26578
5539,26578
5540,6993
5541,6993
5542,3974
5543,3974
5544,5015
5545,5015
5546,2222
5547,1285
5548,1285
5549,3962
5550,3962
5551,5409
5552,2195
5553,2195
5554,2195
5555,2195
5556,2195
5557,2195
5558,2479
5559,2479
5560,1917
5561,5635
5562,2693
5563,3859
5564,2131
5565,2131
5566,26577
5567,7004
5568,3974
5569,2117
5570,5015
5571,3962
5572,3962
5573,5409
5574,2195
5575,2195
5576,2195
5577,2195
5578,2195
5579,2195
5580,2195
5581,2195
5582,2195
5583,3648
5584,3648
5585,4270
5586,5445
5587,3564
5588,4244
5589,3859
5590,2224
5591,3375
5592,2249
5593,2249
5594,5427
5595,1940
5596,2114
5597,2195
5598,2195
5599,2195
5600,2195
5601,2195
5602,2195
5603,2195
5604,2195
5605,1918
5606,5175
5607,2305
5608,4244
5609,2224
5610,770
5611,2121
5612,5433
5613,2195
5614,2195
5615,2195
5616,2195
5617,2195
5618,2195
5619,2195
5620,2195
5621,2195
5622,2195
5623,2195
5624,1918
5625,1918
5626,4244
5627,24559
5628,1995
5629,768
5630,768
5631,768
5632,768
5633,768
5634,768
5635,768
5636,2195
5637,2195
5638,2244
5639,3930
5640,4088
5641,768
5642,768
5643,768
5644,768
5645,768
5646,768
5647,768
5648,768
5649,768
5650,768
5651,2244
5652,3964
5653,5608
5654,4707
5655,3884
5656,3884
5657,768
5658,768
5659,768
5660,768
5661,768
5662,768
5663,768
5664,768
5665,2439
5666,2439
5667,3964
5668,4518
5669,4276
5670,4707
5671,4707
5672,3884
5673,3884
5674,3884
5675,3884
5676,768
5677,768
5678,768
5679,768
5680,2439
5681,2439
5682,2439
5683,1990
5684,2244
5685,3964
5686,3908
5687,15372
5688,15372
5689,3884
5690,3884
5691,3884
5692,2439
5693,2439
5694,2439
5695,2439
5696,2439
5697,2439
5698,2439
5699,1918
5700,2043
5701,2206
5702,15372
5703,3884
5704,2439
5705,2439
5706,2439
5707,2439
5708,2439
5709,2439
5710,2439
5711,2439
5712,2264
5713,2264
5714,2393
5715,2206
5716,2439
5717,2439
5718,2439
5719,2439
5720,1990
5721,1990
5722,1990
5723,1990
5724,1990
5725,2098
5726,4799
5727,2475
5728,2439
5729,2439
5730,1990
5731,1990
5732,1990
5733,1990
5734,1990
5735,2439
5736,2439
5737,1990
5738,1990
5739,1990
5740,1990
5741,2098
5742,2220
5743,2939
5744,1990
5745,1990
5746,1990
5747,2098
5748,2264
5749,1990
5750,1990
5751,1990
5752,1990
5753,1990
5754,1990
5755,1990
5756,1990
5757,4799
5758,4799
5759,2220
5760,3087
5761,3087
5762,3087
5763,874
5764,3626
5765,1990
5766,1990
5767,1990
5768,1990
5769,4799
5770,4799
5771,29982
5772,2209
5773,2179
5774,1990
5775,4799
5776,4799
5777,29982
5778,2463
5779,1989
5780,1989
5781,1641
5782,3874
5783,29982
5784,6477
5785,2153
5786,1989
5787,1989
5788,4269
5789,4269
5790,1989
5791,1989
5792,5883
5793,1639
5794,4502
5795,4502
5796,2797
5797,6477
5798,3293
5799,1948
5800,1948
5801,1639
5802,4502
5803,6463
5804,2349
5805,3668
5806,1948
5807,1948
5808,1948
5809,1639
5810,5938
5811,2678
5812,2355
5813,2348
5814,2633
5815,2352
5816,1989
5817,2098
5818,2098
5819,2098
5820,3668
5821,3668
5822,1948
5823,5938
5824,2406
5825,6463
5826,6463
5827,3296
5828,2098
5829,3668
5830,3668
5831,3668
5832,3668
5833,1948
5834,2197
5835,2483
5836,612
5837,4651
5838,2019
5839,4763
5840,4763
5841,1688
5842,1920
5843,1920
5844,1920
5845,1920
5846,1639
5847,2483
5848,612
5849,3867
5850,2346
5851,1688
5852,1688
5853,2098
5854,2098
5855,3684
5856,1920
5857,1920
5858,1920
5859,1920
5860,1639
5861,3543
5862,1921
5863,1921
5864,1921
5865,3592
5866,1914
5867,5938
5868,2197
5869,2345
5870,10592
5871,10592
5872,1921
5873,1921
5874,1921
5875,2171
5876,3592
5877,1914
5878,5938
5879,4385
5880,3200
5881,10592
5882,10592
5883,2282
5884,1922
5885,1922
5886,1922
5887,2171
5888,1914
5889,6830
5890,3200
5891,2282
5892,2282
5893,1922
5894,1922
5895,2161
5896,2171
5897,3592
5898,3592
5899,3042
5900,1967
5901,2297
5902,2297
5903,3698
5904,2282
5905,2282
5906,1922
5907,1922
5908,1922
5909,2171
5910,2171
5911,2171
5912,1949
5913,2211
5914,3592
5915,3592
5916,1967
5917,1922
5918,2161
5919,2171
5920,2171
5921,2171
5922,1949
5923,1949
5924,1949
5925,2211
5926,3592
5927,3592
5928,3592
5929,2888
5930,2162
5931,2171
5932,2171
5933,1949
5934,1949
5935,1949
5936,3436
5937,2211
5938,2211
5939,2171
5940,1949
5941,1949
5942,1949
5943,3436
5944,3436
5945,2171
5946,1949
5947,1949
5948,1949
5949,2544
5950,2544
5951,2544
5952,2544
5953,2544
5954,2544
5955,4764
5956,3297
5957,3838
5958,3297
5959,6832
5960,6832
5961,6831
5962,2187
5963,2165
5964,1798
5965,2198
5966,2488
5967,2488
5968,6825
5969,2995
